Workbook

Sheet Setup ⚙️
B1: Setup Spreadsheet
AJ3: ICONS
AJ4: ✅ | AK4: ❎ | AL4: ❌ | AM4: ✔️ | AN4: ⏳ | AO4: ⛔️
B5: Status Label Names | P5: Members | AD5: Holidays | AJ5: 🚩 | AK5: ⚠️ | AL5: ❗️ | AM5: 💲 | AN5: 💰 | AO5: 📌 | AQ5: Status | BA5: Members
AJ6: 🔴 | AK6: 🟠 | AL6: 🟡 | AM6: 🟢 | AN6: 🔵 | AO6: 🟣 | AQ6: =IF(ISBLANK(C7),E7, CONCATENATE(C7," ",E7)) -> Completata | BA6: =Q8 -> 0
E7: Completata | Q7: Name | AE7: Holiday Name | AF7: Date | AJ7: ⚫️ | AK7: 🟥 | AL7: 🟧 | AM7: 🟨 | AN7: 🟩 | AO7: 🟦 | AQ7: =IF(ISBLANK(C8),E8, CONCATENATE(C8," ",E8)) -> Programmata | BA7: =Q9 -> 0
E8: Programmata | AJ8: 🟪 | AK8: ⬛️ | AL8: ❤️ | AM8: 💚 | AN8: 💙 | AO8: 💜 | AQ8: =IF(ISBLANK(C9),E9, CONCATENATE(C9," ",E9)) -> In corso | BA8: =Q10 -> 0
E9: In corso | AJ9: 🧒 | AK9: 👨 | AL9: 👧 | AM9: 🙋🏻‍♀️ | AN9: 🙋🏻 | AO9: 🙋🏻‍♂️ | AQ9: =IF(ISBLANK(C10),E10, CONCATENATE(C10," ",E10)) -> Da pianificare | BA9: =Q11 -> 0
E10: Da pianificare | AJ10: 🧷 | AK10: ✏️ | AL10: 📝 | AM10: 📙 | AN10: 📍 | AO10: 😍 | AQ10: =IF(ISBLANK(C11),E11, CONCATENATE(C11," ",E11)) -> Da iniziare | BA10: =Q12 -> 0
E11: Da iniziare | AJ11: 🙂 | AK11: 📢 | AL11: 📣 | AM11: 🔕 | AN11: 🕘 | AO11: 💥 | AQ11: =IF(ISBLANK(C12),E12, CONCATENATE(C12," ",E12)) -> In Revisione | BA11: =Q13 -> 0
E12: In Revisione | AJ12: 🕶️ | AK12: 🔓 | AL12: ☀️ | AM12: 😎 | AN12: 🥰 | AO12: 👥 | BA12: =Q14 -> 0
AJ13: 👤 | AK13: 💤 | AL13: 📙 | AM13: 📅 | BA13: =Q15 -> 0
BA14: =Q16 -> 0
B15: Priority Level Label Names | BA15: =Q17 -> 0
BA16: =Q18 -> 0
C17: 📅 | E17: Bassa Priorità | AQ17: Priority Level Label Names | BA17: =Q19 -> 0
C18: ✏️ | E18: Media priorità | AQ18: =IF(ISBLANK(C17),E17, CONCATENATE(C17," ",E17)) -> 📅 Bassa Priorità | BA18: =Q20 -> 0
C19: ⚠️ | E19: Alta priorità | AQ19: =IF(ISBLANK(C18),E18, CONCATENATE(C18," ",E18)) -> ✏️ Media priorità | BA19: =Q21 -> 0
C20: 📢 | E20: Urgente | AQ20: =IF(ISBLANK(C19),E19, CONCATENATE(C19," ",E19)) -> ⚠️ Alta priorità | BA20: =Q22 -> 0
C21: ❗️ | E21: Critica | AQ21: =IF(ISBLANK(C20),E20, CONCATENATE(C20," ",E20)) -> 📢 Urgente | BA21: =Q23 -> 0
AQ22: =IF(ISBLANK(C21),E21, CONCATENATE(C21," ",E21)) -> ❗️ Critica | BA22: =Q24 -> 0
BA23: =Q25 -> 0
B24: Weekend Option | AQ24: Include Weekends On Chart | BA24: =Q26 -> 0
AQ25: Show Weekdays Only | BA25: =Q27 -> 0
C26: Show Weekdays Only
AQ27: Sunday
AQ28: Monday
B30: Weekly Start Day
C32: Monday

Sheet Gantt Chart 📅
G1: =IF('Setup ⚙️'!AQ6="","Blank_Text",'Setup ⚙️'!AQ6) -> Completata | H1: =IF(D4="","","W1") | I1: =IF('Setup ⚙️'!$C$32="Monday",I$52,I$51) | J1: =IF('Setup ⚙️'!$C$32="Monday",J$52,J$51) | K1: =IF('Setup ⚙️'!$C$32="Monday",K$52,K$51) | L1: =IF('Setup ⚙️'!$C$32="Monday",L$52,L$51) | M1: =IF('Setup ⚙️'!$C$32="Monday",M$52,M$51) | N1: =IF('Setup ⚙️'!$C$32="Monday",N$52,N$51) | O1: =IF('Setup ⚙️'!$C$32="Monday",O$52,O$51) | P1: =IF('Setup ⚙️'!$C$32="Monday",P$52,P$51) | ... SC1: =IF('Setup ⚙️'!$C$32="Monday",SC$52,SC$51)
B2: Gantt | G2: =IF('Setup ⚙️'!AQ7="","Blank_Text",'Setup ⚙️'!AQ7) -> Programmata
C3: Nome del Progetto | D3: TS HR AiO | G3: =IF('Setup ⚙️'!AQ8="","Blank_Text",'Setup ⚙️'!AQ8) -> In corso | H3: =H9 -> 0 | I3: =I9 -> 2 | J3: =J9 -> 3 | K3: =K9 -> 4 | L3: =L9 -> 5 | M3: =M9 -> 6 | N3: =N9 -> 9 | O3: =O9 -> 10 | ... SC3: =SC9 -> 684
C4: Data di inizio | G4: =IF('Setup ⚙️'!AQ9="","Blank_Text",'Setup ⚙️'!AQ9) -> Da pianificare
C5: Data di fine
C6: Data odierna | D6: =TODAY() -> 46265 | G6: =IF('Setup ⚙️'!AQ11="","Blank_Text",'Setup ⚙️'!AQ11) -> In Revisione
H8: =H9 -> 0 | I8: =I9 -> 2 | J8: =J9 -> 3 | K8: =K9 -> 4 | L8: =L9 -> 5 | M8: =M9 -> 6 | N8: =N9 -> 9 | O8: =O9 -> 10 | ... SC8: =SC9 -> 684
C9: Priorità | D9: Assegnatari | E9: Stato | F9: Inizio | G9: Fine | H9: =D4 -> 0 | I9: =IF( 'Setup ⚙️'!$C$26 = "Show Weekdays Only",WORKDAY(H9,1,'Setup ⚙️'!$AF$8:$AF$51),WORKDAY.INTL(H9,1,"0000000",'Setup ⚙️'!$AF$8:$AF$51)) -> 2 | J9: =IF( 'Setup ⚙️'!$C$26 = "Show Weekdays Only",WORKDAY(I9,1,'Setup ⚙️'!$AF$8:$AF$51),WORKDAY.INTL(I9,1,"0000000",'Setup ⚙️'!$AF$8:$AF$51)) -> 3 | K9: =IF( 'Setup ⚙️'!$C$26 = "Show Weekdays Only",WORKDAY(J9,1,'Setup ⚙️'!$AF$8:$AF$51),WORKDAY.INTL(J9,1,"0000000",'Setup ⚙️'!$AF$8:$AF$51)) -> 4 | L9: =IF( 'Setup ⚙️'!$C$26 = "Show Weekdays Only",WORKDAY(K9,1,'Setup ⚙️'!$AF$8:$AF$51),WORKDAY.INTL(K9,1,"0000000",'Setup ⚙️'!$AF$8:$AF$51)) -> 5 | M9: =IF( 'Setup ⚙️'!$C$26 = "Show Weekdays Only",WORKDAY(L9,1,'Setup ⚙️'!$AF$8:$AF$51),WORKDAY.INTL(L9,1,"0000000",'Setup ⚙️'!$AF$8:$AF$51)) -> 6 | N9: =IF( 'Setup ⚙️'!$C$26 = "Show Weekdays Only",WORKDAY(M9,1,'Setup ⚙️'!$AF$8:$AF$51),WORKDAY.INTL(M9,1,"0000000",'Setup ⚙️'!$AF$8:$AF$51)) -> 9 | O9: =IF( 'Setup ⚙️'!$C$26 = "Show Weekdays Only",WORKDAY(N9,1,'Setup ⚙️'!$AF$8:$AF$51),WORKDAY.INTL(N9,1,"0000000",'Setup ⚙️'!$AF$8:$AF$51)) -> 10 | P9: =IF( 'Setup ⚙️'!$C$26 = "Show Weekdays Only",WORKDAY(O9,1,'Setup ⚙️'!$AF$8:$AF$51),WORKDAY.INTL(O9,1,"0000000",'Setup ⚙️'!$AF$8:$AF$51)) -> 11 | ... SC9: =IF( 'Setup ⚙️'!$C$26 = "Show Weekdays Only",WORKDAY(SB9,1,'Setup ⚙️'!$AF$8:$AF$51),WORKDAY.INTL(SB9,1,"0000000",'Setup ⚙️'!$AF$8:$AF$51)) -> 684
A11: Avvio e pianificazione
A12: 1.1 | B12: Firma del contratto
A13: 1.2 | B13: Kick off
A14: 1.3 | B14: Progetto Esecutivo
A15: 1.4 | B15: Definizione e validazione Gantt
A16: 1.5 | B16: Documento di Analisi per la wave 1
A17: 1.6 | B17: Documento di Collaudo
A18: 1.7 | B18: Documento di consegna
A19: Portale e Presenze:
A20: 2.1 | B20: Analisi Portale
A21: 2.2 | B21: Analisi Presenze
A22: 2.3 | B22: Configurazione
A23: 2.4 | B23: Formazione
A24: 2.5 | B24: Go Live
A25: Integrazione Payroll:
A26: 3.1 | B26: Analisi
A27: 3.2 | B27: Progettazione flussi
A28: 3.3 | B28: Configurazione
A29: 3.4 | B29: Test di integrazione | I29: {=IFERROR(_xlfn._xlws.FILTER(#REF!, (I$9 = $F29)), "")}
A30: 3.5 | B30: Parallelo | I30: {=IFERROR(_xlfn._xlws.FILTER(#REF!, (I$9 = $F30)), "")}
A31: 3.6 | B31: Go Live
A32: SSO:
A33: 4.1 | B33: Analisi
A34: 4.2 | B34: Configurazione
A35: 4.3 | B35: Formazione
A36: 4.4 | B36: Go Live
A37: Pianificazione e Timesheet:
A38: 5.1 | B38: Analisi
A39: 5.2 | B39: Configurazione
A40: 5.3 | B40: Test
A41: 5.4 | B41: Formazione
A42: 5.5 | B42: Go Live
A43: Kit Salute e Sicurezza
A44: 6.1 | B44: Analisi
A45: 6.2 | B45: Configurazione
A46: 6.3 | B46: Test
A47: 6.4 | B47: Formazione
A48: 6.5 | B48: Go Live
A50: DONT NOT DELETE ROW, FORMULAS IN ROWS | F50: W1 | H50: =IF($D$4="","", CONCATENATE("W",H58)) | I50: =IF($D$4="","", CONCATENATE("W",I58)) | J50: =IF($D$4="","", CONCATENATE("W",J58)) | K50: =IF($D$4="","", CONCATENATE("W",K58)) | L50: =IF($D$4="","", CONCATENATE("W",L58)) | M50: =IF($D$4="","", CONCATENATE("W",M58)) | N50: =IF($D$4="","", CONCATENATE("W",N58)) | O50: =IF($D$4="","", CONCATENATE("W",O58)) | ... SC50: =IF($D$4="","", CONCATENATE("W",SC58))
F51: Sunday | H51: =IF(D4="","","W1") | I51: =IF(H50=I50,"",I50) | J51: =IF(I50=J50,"",J50) | K51: =IF(J50=K50,"",K50) | L51: =IF(K50=L50,"",L50) | M51: =IF(L50=M50,"",M50) | N51: =IF(M50=N50,"",N50) | O51: =IF(N50=O50,"",O50) | P51: =IF(O50=P50,"",P50) | ... SC51: =IF(SB50=SC50,"",SC50)
F52: Monday | H52: =IF(D5="","","W1") | I52: =IF(F50=H50,"",H50) | J52: =IF(H50=I50,"",I50) | K52: =IF(I50=J50,"",J50) | L52: =IF(J50=K50,"",K50) | M52: =IF(K50=L50,"",L50) | N52: =IF(L50=M50,"",M50) | O52: =IF(M50=N50,"",N50) | P52: =IF(N50=O50,"",O50) | Q52: =IF(O50=P50,"",P50) | ... SC52: =IF(SA50=SB50,"",SB50)
H53: =IF($D$4="","", WEEKNUM(H9)-WEEKNUM($H$9)+1) | I53: =IF($D$4="","", WEEKNUM(I9)-WEEKNUM($H$9)+1) | J53: =IF($D$4="","", WEEKNUM(J9)-WEEKNUM($H$9)+1) | K53: =IF($D$4="","", WEEKNUM(K9)-WEEKNUM($H$9)+1) | L53: =IF($D$4="","", WEEKNUM(L9)-WEEKNUM($H$9)+1) | M53: =IF($D$4="","", WEEKNUM(M9)-WEEKNUM($H$9)+1) | N53: =IF($D$4="","", WEEKNUM(N9)-WEEKNUM($H$9)+1) | O53: =IF($D$4="","", WEEKNUM(O9)-WEEKNUM($H$9)+1) | ... SC53: =IF($D$4="","", WEEKNUM(SC9)-WEEKNUM($H$9)+1)
F54: NEW YEAR | H54: =IF(AND(ISNUMBER(H53),ISNUMBER(G53),G54=0),0, IF(H53<=0,IF(AND(G54="",H53<0),"True",0),"")) | I54: =IF(AND(ISNUMBER(I53),ISNUMBER(H53),H54=0),0, IF(I53<=0,IF(AND(H54="",I53<0),"True",0),"")) | J54: =IF(AND(ISNUMBER(J53),ISNUMBER(I53),I54=0),0, IF(J53<=0,IF(AND(I54="",J53<0),"True",0),"")) | K54: =IF(AND(ISNUMBER(K53),ISNUMBER(J53),J54=0),0, IF(K53<=0,IF(AND(J54="",K53<0),"True",0),"")) | L54: =IF(AND(ISNUMBER(L53),ISNUMBER(K53),K54=0),0, IF(L53<=0,IF(AND(K54="",L53<0),"True",0),"")) | M54: =IF(AND(ISNUMBER(M53),ISNUMBER(L53),L54=0),0, IF(M53<=0,IF(AND(L54="",M53<0),"True",0),"")) | N54: =IF(AND(ISNUMBER(N53),ISNUMBER(M53),M54=0),0, IF(N53<=0,IF(AND(M54="",N53<0),"True",0),"")) | O54: =IF(AND(ISNUMBER(O53),ISNUMBER(N53),N54=0),0, IF(O53<=0,IF(AND(N54="",O53<0),"True",0),"")) | ... SC54: =IF(AND(ISNUMBER(SC53),ISNUMBER(SB53),SB54=0),0, IF(SC53<=0,IF(AND(SB54="",SC53<0),"True",0),""))
H55: =IF(AND(H54>0, TEXT(H8,"dddd")= $D$58),"True","") | I55: =IF(AND(I54>0, TEXT(I8,"dddd")= $D$58),"True","") | J55: =IF(AND(J54>0, TEXT(J8,"dddd")= $D$58),"True","") | K55: =IF(AND(K54>0, TEXT(K8,"dddd")= $D$58),"True","") | L55: =IF(AND(L54>0, TEXT(L8,"dddd")= $D$58),"True","") | M55: =IF(AND(M54>0, TEXT(M8,"dddd")= $D$58),"True","") | N55: =IF(AND(N54>0, TEXT(N8,"dddd")= $D$58),"True","") | O55: =IF(AND(O54>0, TEXT(O8,"dddd")= $D$58),"True","") | ... BU55: =IF(AND(BU54>0, TEXT(BU8,"dddd")= $D$58),"True","") | BV55: =IF(AND(BV54="True", TEXT(BV8,"dddd")= $D$58),"True","") | BW55: =IF(AND(BW54>0, TEXT(BW8,"dddd")= $D$58),"True","") | BX55: =IF(AND(BX54>0, TEXT(BX8,"dddd")= $D$58),"True","") | BY55: =IF(AND(BY54>0, TEXT(BY8,"dddd")= $D$58),"True","") | BZ55: =IF(AND(BZ54>0, TEXT(BZ8,"dddd")= $D$58),"True","") | CA55: =IF(AND(CA54>0, TEXT(CA8,"dddd")= $D$58),"True","") | CB55: =IF(AND(CB54>0, TEXT(CB8,"dddd")= $D$58),"True","") | CC55: =IF(AND(CC54>0, TEXT(CC8,"dddd")= $D$58),"True","") | CD55: =IF(AND(CD54>0, TEXT(CD8,"dddd")= $D$58),"True","") | ... SC55: =IF(AND(SC54>0, TEXT(SC8,"dddd")= $D$58),"True","")
H56: =IF(AND(H54="True",H55 ="", TEXT(H8,"dddd")<> $D$58),0,IF(G53=H53,0,1)) -> 0 | I56: =IF(AND(I54="True",I55 ="", TEXT(I8,"dddd")<> $D$58),0,IF(H53=I53,0,1)) -> 0 | J56: =IF(AND(J54="True",J55 ="", TEXT(J8,"dddd")<> $D$58),0,IF(I53=J53,0,1)) -> 0 | K56: =IF(AND(K54="True",K55 ="", TEXT(K8,"dddd")<> $D$58),0,IF(J53=K53,0,1)) -> 0 | L56: =IF(AND(L54="True",L55 ="", TEXT(L8,"dddd")<> $D$58),0,IF(K53=L53,0,1)) -> 0 | M56: =IF(AND(M54="True",M55 ="", TEXT(M8,"dddd")<> $D$58),0,IF(L53=M53,0,1)) -> 0 | N56: =IF(AND(N54="True",N55 ="", TEXT(N8,"dddd")<> $D$58),0,IF(M53=N53,0,1)) -> 0 | O56: =IF(AND(O54="True",O55 ="", TEXT(O8,"dddd")<> $D$58),0,IF(N53=O53,0,1)) -> 0 | ... SC56: =IF(AND(SC54="True",SC55 ="", TEXT(SC8,"dddd")<> $D$58),0,IF(SB53=SC53,0,1)) -> 0
H57: =IF(AND(H51<>"",H54=0),1,"0") -> 0 | I57: =IF(AND(I51<>"",I54=0),1,"0") -> 0 | J57: =IF(AND(J51<>"",J54=0),1,"0") -> 0 | K57: =IF(AND(K51<>"",K54=0),1,"0") -> 0 | L57: =IF(AND(L51<>"",L54=0),1,"0") -> 0 | M57: =IF(AND(M51<>"",M54=0),1,"0") -> 0 | N57: =IF(AND(N51<>"",N54=0),1,"0") -> 0 | O57: =IF(AND(O51<>"",O54=0),1,"0") -> 0 | ... SC57: =IF(AND(SC51<>"",SC54=0),1,"0") -> 0
C58: Start Date Set: | D58: Sunday | E58: Thurs | H58: =IF(SUM(H56,G56)=2,G58, IF(AND(H53<0,H54="True",H55="True"),G53+1, IF(H54="",H53,G58+H56))) | I58: =IF(SUM(I56,H56)=2,H58, IF(AND(I53<0,I54="True",I55="True"),H53+1, IF(I54="",I53,H58+I56))) | J58: =IF(SUM(J56,I56)=2,I58, IF(AND(J53<0,J54="True",J55="True"),I53+1, IF(J54="",J53,I58+J56))) | K58: =IF(SUM(K56,J56)=2,J58, IF(AND(K53<0,K54="True",K55="True"),J53+1, IF(K54="",K53,J58+K56))) | L58: =IF(SUM(L56,K56)=2,K58, IF(AND(L53<0,L54="True",L55="True"),K53+1, IF(L54="",L53,K58+L56))) | M58: =IF(SUM(M56,L56)=2,L58, IF(AND(M53<0,M54="True",M55="True"),L53+1, IF(M54="",M53,L58+M56))) | N58: =IF(SUM(N56,M56)=2,M58, IF(AND(N53<0,N54="True",N55="True"),M53+1, IF(N54="",N53,M58+N56))) | O58: =IF(SUM(O56,N56)=2,N58, IF(AND(O53<0,O54="True",O55="True"),N53+1, IF(O54="",O53,N58+O56))) | ... SC58: =IF(SUM(SC56,SB56)=2,SB58, IF(AND(SC53<0,SC54="True",SC55="True"),SB53+1, IF(SC54="",SC53,SB58+SC56)))
